well_id,depth_m,net_pay_m,porosity,api_gravity,rho_oil,t_res_c,mu_res_cP,mu_100c_cP,pump_depth_m,stroke_m,plunger_mm,spm_at_50hz,unit_rating_kn,motor_rated_kw,ctrl_mode,p_inj_max_wh_mpa,mu_crit_cP,split,rod_mass_kg_m
CSS-001,1016.7,13.7,0.217,16.4,959.7,51.1,4970.6,58.4,943.6,2.5,57.0,7.0,101.0,18.5,VFD_AUTO,11.7,1500.0,train,3.0
CSS-002,1012.2,18.0,0.243,17.4,953.4,49.7,4233.8,70.9,952.6,2.5,57.0,7.0,120.0,22.0,VFD_AUTO,11.8,1500.0,train,3.0
CSS-003,958.7,21.2,0.22,16.2,946.9,52.1,4624.5,69.9,897.9,3.1,57.0,7.0,101.0,22.0,VFD_AUTO,11.6,1500.0,train,3.0
CSS-004,975.2,18.5,0.253,16.7,948.8,47.4,4693.5,69.4,924.6,2.5,57.0,7.0,101.0,22.0,VFD_AUTO,11.8,1500.0,train,3.0
CSS-005,1016.3,16.4,0.222,16.4,950.3,52.6,4677.6,66.7,933.1,3.1,57.0,7.0,101.0,18.5,VFD_AUTO,12.0,1500.0,train,3.0
CSS-006,972.4,20.9,0.241,16.4,951.5,51.6,3967.1,70.1,914.6,2.8,57.0,7.0,114.0,18.5,VFD_AUTO,11.7,1500.0,train,3.0
CSS-007,1053.1,20.5,0.219,17.3,952.9,52.5,4450.6,61.2,973.0,3.1,57.0,7.0,120.0,22.0,VFD_AUTO,12.2,1500.0,train,3.0
CSS-008,991.4,18.2,0.222,18.0,947.8,50.0,4806.9,70.8,907.5,2.5,57.0,7.0,120.0,22.0,VFD_AUTO,12.1,1500.0,train,3.0
CSS-009,986.2,18.3,0.228,16.5,956.1,52.7,4716.3,58.8,931.6,2.8,57.0,7.0,120.0,22.0,VFD_AUTO,11.6,1500.0,train,3.0
CSS-010,992.2,17.1,0.257,17.8,950.3,50.0,4114.4,71.6,937.0,2.8,57.0,7.0,120.0,18.5,VFD_AUTO,11.7,1500.0,train,3.0
CSS-011,1031.5,17.8,0.247,17.1,945.0,48.9,3923.4,71.9,976.6,2.8,57.0,7.0,101.0,18.5,VFD_AUTO,11.7,1500.0,train,3.0
CSS-012,1008.1,14.1,0.244,17.6,964.6,50.2,4050.9,67.6,956.0,2.5,57.0,7.0,114.0,22.0,VFD_AUTO,12.5,1500.0,train,3.0
CSS-013,1051.5,19.5,0.241,17.4,953.0,51.0,4348.1,71.4,979.6,2.5,57.0,7.0,101.0,18.5,VFD_AUTO,11.8,1500.0,train,3.0
CSS-014,1010.6,15.3,0.213,16.1,957.6,48.4,4986.5,70.8,923.4,2.5,57.0,7.0,114.0,22.0,VFD_AUTO,11.7,1500.0,train,3.0
CSS-015,955.9,21.0,0.234,16.9,960.7,51.8,4128.5,58.6,883.1,2.8,57.0,7.0,114.0,22.0,VFD_AUTO,12.4,1500.0,train,3.0
CSS-016,946.5,18.7,0.239,16.1,959.6,51.8,4031.1,60.1,878.0,2.5,57.0,7.0,114.0,18.5,VFD_AUTO,11.8,1500.0,train,3.0
CSS-017,970.0,20.9,0.227,17.7,956.0,47.3,5099.1,70.4,918.8,2.5,57.0,7.0,101.0,22.0,VFD_AUTO,12.0,1500.0,train,3.0
CSS-018,965.6,16.7,0.204,16.8,964.7,48.6,4840.9,64.3,892.5,3.1,57.0,7.0,120.0,22.0,VFD_AUTO,11.7,1500.0,train,3.0
CSS-019,975.6,21.2,0.235,17.1,960.0,47.3,4601.0,65.0,919.7,2.5,57.0,7.0,101.0,18.5,VFD_AUTO,12.4,1500.0,train,3.0
CSS-020,948.2,14.0,0.252,16.8,963.8,50.4,4594.7,57.6,861.5,3.1,57.0,7.0,120.0,22.0,VFD_AUTO,12.4,1500.0,train,3.0
CSS-021,964.5,19.2,0.214,16.8,958.4,48.8,4279.4,69.0,877.4,2.8,57.0,7.0,120.0,18.5,VFD_AUTO,11.6,1500.0,train,3.0
CSS-022,965.6,15.6,0.256,17.8,962.6,49.2,4089.3,70.3,903.7,3.1,57.0,7.0,120.0,18.5,VFD_AUTO,12.2,1500.0,train,3.0
CSS-023,1006.6,21.0,0.206,17.8,950.3,52.3,4790.9,59.5,927.9,2.5,57.0,7.0,120.0,22.0,VFD_AUTO,11.7,1500.0,train,3.0
CSS-024,1016.1,15.6,0.229,17.8,961.9,47.6,4408.3,61.4,926.2,2.5,57.0,7.0,120.0,22.0,VFD_AUTO,11.7,1500.0,train,3.0
CSS-025,993.0,19.1,0.234,16.2,963.9,51.1,4078.9,57.6,917.8,3.1,57.0,7.0,101.0,22.0,VFD_AUTO,11.6,1500.0,test,3.0
CSS-026,977.0,20.7,0.248,17.7,963.0,48.3,4199.4,58.6,918.2,2.8,57.0,7.0,120.0,18.5,VFD_AUTO,12.4,1500.0,test,3.0
CSS-027,968.4,14.8,0.248,16.4,953.2,48.1,5009.4,69.5,894.9,3.1,57.0,7.0,120.0,18.5,VFD_AUTO,11.8,1500.0,test,3.0
CSS-028,1034.5,14.4,0.252,17.7,949.4,51.9,4452.4,61.9,976.3,2.5,57.0,7.0,101.0,18.5,VFD_AUTO,12.2,1500.0,test,3.0
CSS-029,987.8,15.7,0.204,17.5,952.0,50.1,4715.4,70.5,911.0,2.5,57.0,7.0,101.0,22.0,VFD_AUTO,11.7,1500.0,test,3.0
CSS-030,1055.5,15.6,0.207,16.9,959.6,48.9,4627.5,65.2,980.9,3.1,57.0,7.0,101.0,22.0,VFD_AUTO,11.5,1500.0,test,3.0
